582;84.38
1291;84.38
2000;84.38
2709;84.38
3418;84.38
4127;79.41
4881;79.41
5634;79.41
6388;84.38
7097;84.38
7806;103.85
8382;75.0
9180;96.43
9800;79.41
10554;71.05
11396;79.41
12149;96.43
12770;71.05
13612;84.38
14321;84.38
15030;42.19
16448;79.41
17202;79.41
17955;79.41
18709;84.38
19418;84.38
20127;84.38
20836;54.0
21944;135.0
22387;96.43
23008;79.41
23761;79.41
24514;84.38
25224;84.38
25933;43.55
27307;96.43
27927;79.41
28681;71.05
29523;96.43
30143;71.05
30985;84.38
31694;103.85
32270;84.38
32980;84.38
33689;46.55
34974;64.29
35905;71.05
36747;84.38
37456;103.85
38032;75.0
38830;84.38
39539;84.38
40248;79.41
41002;79.41
41755;84.38
42464;84.38
43173;96.43
43794;75.0
44591;84.38
45301;84.38
46010;84.38
46719;79.41
47472;79.41
48226;96.43
48846;84.38
49555;75.0
50353;84.38
51062;96.43
51683;71.05
52525;96.43
53145;79.41
53899;71.05
54741;84.38
55450;84.38
56159;84.38
56868;103.85
57444;71.05
58286;135.0
58730;56.25
59793;96.43
60414;71.05
61256;103.85
61832;84.38
62541;75.0
63339;84.38
64048;79.41
64801;84.38
65510;90.0
66175;71.05
67017;103.85
67594;75.0
68391;135.0
68834;67.5
69721;71.05
70563;79.41
71316;96.43
71937;84.38
72646;71.05
73488;84.38
74197;103.85
74773;84.38
75482;71.05
76325;84.38
77034;79.41
77787;96.43
78408;84.38
79117;75.0
79914;84.38
80624;84.38
81333;84.38
82042;96.43
82662;71.05
83504;79.41
84258;84.38
84967;84.38
85676;103.85
86252;75.0
87050;84.38
87759;79.41
88513;79.41
89266;96.43
89886;71.05
90729;103.85
91305;75.0
92102;84.38
92812;84.38
93521;96.43
94141;71.05
94983;79.41
95737;79.41
96490;84.38
97199;103.85
97775;75.0
98573;84.38
99282;96.43
99903;79.41
100656;79.41
101410;90.0
102074;67.5
102961;84.38
103670;84.38
104379;90.0
105044;84.38
105753;96.43
106374;71.05
107216;79.41
107969;84.38
108678;84.38
109387;90.0
110052;84.38
110761;84.38
111470;96.43
112091;84.38
112800;71.05
113642;84.38
114351;84.38
115060;84.38
115769;90.0
116434;84.38
117143;84.38
117852;79.41
118606;84.38
119315;84.38
120024;84.38
120733;90.0
121398;43.55
122772;84.38
123481;84.38
124190;84.38
124899;96.43
125520;71.05
126362;140.26
126788;63.16
127736;103.85
128312;75.0
129110;103.85
129686;71.05
130528;96.43
131148;71.05
131990;84.38
132700;103.85
133276;75.0
134074;84.38
134783;90.0
135447;84.38
136157;79.41
136910;79.41
137663;84.38
138373;96.43
138993;75.0
139791;90.0
140456;84.38
141165;84.38
141874;79.41
142627;96.43
143248;71.05
144090;84.38
144799;84.38
145508;84.38
146217;103.85
146793;75.0
147591;79.41
148345;79.41
149098;79.41
149851;103.85
150428;84.38
151137;75.0
151934;84.38
152644;84.38
153353;84.38
154062;79.41
154815;96.43
155436;79.41
156189;75.0
156987;84.38
157696;103.85
158272;122.73
158760;58.7
159779;79.41
160533;79.41
161286;96.43
161906;84.38
162616;75.0
163413;84.38
164122;84.38
164832;103.85
165408;71.05
166250;96.43
166870;67.5
167757;84.38
168466;84.38
169175;84.38
169884;90.0
170549;84.38
171258;79.41
172011;96.43
172632;71.05
173474;96.43
174094;75.0
174892;84.38
175601;84.38
176310;84.38
177020;90.0
177684;79.41
178438;79.41
179191;84.38
179900;84.38
180610;103.85
181186;75.0
181983;84.38
182693;103.85
183269;84.38
183978;71.05
184820;140.26
185247;66.26
186150;71.05
186992;90.0
187656;90.0
188321;84.38
189030;42.19
190449;79.41
191202;84.38
191911;84.38
192620;103.85
193196;61.36
194171;48.21
195412;103.85
195989;71.05
196831;79.41
197584;96.43
198205;75.0
199002;84.38
199711;90.0
200376;140.26
200803;36.12
202459;71.05
203301;96.43
203922;71.05
204764;84.38
205473;122.73
205961;67.5
206847;84.38
207556;79.41
208310;79.41
209063;79.41
209816;84.38
210526;90.0
211190;84.38
211899;42.19
213318;96.43
213938;71.05
214780;79.41
215534;84.38
216243;79.41
216996;135.0
217439;56.25
218503;58.7
219522;61.36
220498;79.41
221251;84.38
221960;84.38
222669;84.38
223378;84.38
224087;90.0
224752;84.38
225461;84.38
226170;79.41
226924;84.38
227633;79.41
228386;84.38
229096;90.0
229760;84.38
230470;84.38
231179;84.38
231888;79.41
232641;122.73
233129;25.0
235522;103.85
236098;75.0
236896;84.38
237605;79.41
238358;79.41
239112;84.38
239821;84.38
240530;67.5
241417;61.36
242392;71.05
243234;71.05
244076;79.41
244829;84.38
245538;79.41
246292;75.0
247090;46.55
248375;84.38
249084;84.38
249793;90.0
250458;67.5
251344;84.38
252053;84.38
252762;122.73
253250;64.29
254181;112.5
254713;79.41
255466;71.05
256308;79.41
257062;112.5
257593;67.5
258480;75.0
259278;21.77
262025;75.0
262823;75.0
263621;21.77
266369;84.38
267078;71.05
267920;79.41
268673;75.0
269471;84.38
270180;84.38
270889;103.85
271466;75.0
272263;64.29
273194;84.38
273903;75.0
274701;112.5
275233;67.5
276119;142.11
276540;65.85
277449;90.0
278114;103.85
278690;84.38
279399;79.41
280152;67.5
281039;84.38
281748;84.38
282457;135.0
282900;61.36
283875;28.12
286002;96.43
286623;71.05
287465;84.38
288174;122.73
288662;84.38
289371;64.29
290302;90.0
290966;79.41
291720;84.38
292429;84.38
293138;79.41
293891;84.38
294601;84.38
295310;103.85
295886;75.0
296684;84.38
297393;84.38
298102;79.41
298855;42.19
300274;84.38
300983;84.38
301692;90.0
302357;84.38
303066;96.43
303686;71.05
304528;96.43
305149;71.05
305991;96.43
306611;75.0
307409;90.0
308074;84.38
308783;84.38
309492;96.43
310113;56.25
311176;112.5
311708;90.0
312373;84.38
313082;84.38
313791;84.38
314500;103.85
315076;71.05
315918;79.41
316672;84.38
317381;79.41
318134;84.38
318844;90.0
319508;103.85
320085;71.05
320927;96.43
321547;71.05
322389;79.41
323143;84.38
323852;84.38
324561;84.38
325270;84.38
325979;103.85
326555;71.05
327397;140.26
327824;63.16
328771;71.05
329613;84.38
330322;84.38
331032;84.38
331741;135.0
332184;64.29
333115;79.41
333868;84.38
334577;84.38
335286;79.41
336040;84.38
336749;84.38
337458;135.0
337901;51.92
339054;48.21
340294;79.41
341048;79.41
341801;43.55
343175;122.73
343663;135.0
344106;90.0
344771;84.38
345480;79.41
346233;103.85
346810;40.91
348272;84.38
348981;122.73
349469;67.5
350355;79.41
351109;84.38
351818;79.41
352571;79.41
353325;84.38
354034;84.38
354743;84.38
355452;84.38
356161;84.38
356870;84.38
357579;79.41
358333;90.0
358998;71.05
359840;84.38
360549;103.85
361125;75.0
361923;84.38
362632;84.38
363341;79.41
364094;84.38
364803;79.41
365557;79.41
366310;90.0
366975;103.85
367551;75.0
368349;84.38
369058;84.38
369767;75.0
370565;96.43
371186;71.05
372028;103.85
372604;75.0
373402;84.38
374111;84.38
374820;84.38
375529;79.41
376282;79.41
377036;96.43
377656;71.05
378498;84.38
379207;90.0
379872;84.38
380581;79.41
381335;84.38
382044;79.41
382797;79.41
383551;84.38
384260;84.38
384969;84.38
385678;84.38
386387;84.38
387096;84.38
387806;75.0
388603;79.41
389357;96.43
389977;75.0
390775;103.85
391351;75.0
392149;79.41
392902;96.43
393523;71.05
394365;79.41
395118;96.43
395739;71.05
396581;84.38
397290;90.0
397955;84.38
398664;79.41
399417;79.41
400171;79.41
400924;84.38
401633;96.43
402254;75.0
403052;84.38
403761;84.38
404470;96.43
405090;71.05
405932;79.41
406686;142.11
407107;57.45
408148;84.38
408858;90.0
409522;84.38
410231;84.38
410941;79.41
411694;112.5
412226;135.0
412669;48.21
413910;90.0
414575;84.38
415284;84.38
415993;103.85
416569;38.57
418120;79.41
418874;79.41
419627;90.0
420292;84.38
421001;84.38
421710;103.85
422286;71.05
423129;96.43
423749;71.05
424591;96.43
425212;71.05
426054;84.38
426763;84.38
427472;103.85
428048;71.05
428890;84.38
429599;79.41
430353;90.0
431018;71.05
431860;103.85
432436;75.0
433234;96.43
433854;122.73
434342;56.25
435405;84.38
436114;79.41
436868;96.43
437488;71.05
438330;90.0
438995;84.38
439704;90.0
440369;79.41
441122;84.38
441832;79.41
442585;79.41
443338;103.85
443915;75.0
444712;103.85
445289;75.0
446086;84.38
446795;84.38
447505;79.41
448258;90.0
448923;96.43
449543;133.33
449992;50.23
451183;96.43
451804;84.38
452513;84.38
453222;27.0
455438;79.41
456191;84.38
456900;135.0
457344;131.71
457798;98.18
458407;61.36
459382;61.36
460357;79.41
461111;71.05
461953;90.0
462618;84.38
463327;84.38
464036;84.38
464745;84.38
465454;79.41
466208;79.41
466961;84.38
467670;79.41
468424;90.0
469088;84.38
469798;84.38
470507;79.41
471260;96.43
471881;71.05
472723;79.41
473476;84.38
474185;84.38
474894;84.38
475603;122.73
476091;38.57
477642;71.05
478484;79.41
479238;42.19
480656;30.0
482650;96.43
483271;135.0
483714;42.19
485132;103.85
485708;84.38
486418;16.88
489963;79.41
490717;84.38
491426;96.43
492046;90.0
492711;71.05
493553;103.85
494129;84.38
494838;58.7
495858;79.41
496611;112.5
497143;84.38
497852;84.38
498561;103.85
499137;75.0
499935;84.38
500644;79.41
501398;96.43
502018;71.05
502860;84.38
503569;84.38
504278;84.38
504988;84.38
505697;84.38
506406;84.38
507115;96.43
507735;67.5
508622;84.38
509331;96.43
509951;122.73
510439;142.11
510860;128.57
511325;75.0
512123;79.41
512877;79.41
513630;40.91
515093;96.43
515713;71.05
516555;84.38
517264;71.05
518106;46.55
519392;79.41
520145;40.91
521608;19.85
524621;90.0
525286;39.71
526793;90.0
527458;103.85
528034;84.38
528743;84.38
529452;90.0
530117;96.43
530738;79.41
531491;71.05
532333;79.41
533086;84.38
533796;84.38
534505;103.85
535081;71.05
535923;84.38
536632;84.38
537341;79.41
538095;79.41
538848;79.41
539602;90.0
540266;84.38
540975;84.38
541685;84.38
542394;79.41
543147;79.41
543901;79.41
544654;84.38
545363;79.41
546117;84.38
546826;84.38
547535;103.85
548111;71.05
548953;64.29
549884;103.85
550460;28.12
552587;96.43
553208;75.0
554006;20.77
556886;122.73
557374;84.38
558083;135.0
558526;90.0
559191;112.5
559723;71.05
560565;56.25
561629;135.0
562072;103.85
562648;84.38
563357;103.85
563933;75.0
564731;84.38
565440;84.38
566149;84.38
566858;96.43
567479;71.05
568321;79.41
569074;79.41
569828;90.0
570493;90.0
571157;84.38
571866;84.38
572576;79.41
573329;79.41
574082;84.38
574792;79.41
575545;96.43
576166;75.0
576963;84.38
577672;84.38
578382;79.41
579135;79.41
579888;79.41
580642;96.43
581262;75.0
582060;50.0
583257;89.26
583927;114.89
584448;89.26
585118;103.85
585694;11.95
590702;90.0
591367;67.5
592254;84.38
592963;64.29
593894;122.73
594381;84.38
595090;96.43
595711;103.85
596287;135.0
596730;103.85
597306;122.73
597794;67.5
598680;71.05
599522;84.38
600231;84.38
600940;103.85
601517;84.38
602226;71.05
603068;90.0
603733;71.05
604575;84.38
605284;79.41
606037;84.38
606746;122.73
607234;50.0
608430;50.0
609627;96.43
610248;67.5
611134;84.38
611843;103.85
612419;75.0
613217;40.91
614680;79.41
615433;79.41
616186;79.41
616940;71.05
617782;96.43
618402;90.0
619067;84.38
619776;84.38
620486;90.0
621150;71.05
621992;79.41
622746;84.38
623455;84.38
624164;112.5
624696;75.0
625494;38.57
627045;79.41
627798;75.0
628596;112.5
629128;112.5
629660;142.11
630081;21.6
632851;90.0
633516;71.05
634358;79.41
635111;84.38
635820;84.38
636529;84.38
637238;84.38
637948;84.38
638657;79.41
639410;50.0
640607;58.7
641626;84.38
642335;84.38
643044;84.38
643754;79.41
644507;96.43
645127;71.05
645970;79.41
646723;96.43
647343;71.05
648186;103.85
648762;84.38
649471;71.05
650313;79.41
651066;79.41
651820;79.41
652573;84.38
653282;96.43
653903;75.0
654701;84.38
655410;79.41
656163;84.38
656872;27.55
659044;135.0
659487;71.05
660329;32.14
662191;96.43
662811;96.43
663432;16.67
667022;90.0
667686;84.38
668395;79.41
669149;79.41
669902;112.5
670434;64.29
671365;84.38
672074;90.0
672739;84.38
673448;84.38
674157;79.41
674910;84.38
675620;96.43
676240;71.05
677082;84.38
677791;103.85
678367;75.0
679165;103.85
679741;71.05
680583;79.41
681337;112.5
681869;64.29
682799;84.38
683509;84.38
684218;103.85
684794;84.38
685503;84.38
686212;71.05
687054;122.73
687542;34.62
689270;14.06
693525;79.41
694278;84.38
694987;84.38
695697;84.38
696406;84.38
697115;90.0
697780;96.43
698400;71.05
699242;79.41
699996;79.41
700749;84.38
701458;84.38
702167;84.38
702876;84.38
703586;96.43
704206;112.5
704738;61.36
705713;96.43
706333;71.05
707175;71.05
708018;84.38
708727;84.38
709436;84.38
710145;79.41
710898;90.0
711563;79.41
712317;71.05
713159;84.38
713868;84.38
714577;96.43
715197;71.05
716039;79.41
716793;79.41
717546;79.41
718300;79.41
719053;84.38
719762;84.38
720471;84.38
721181;84.38
721890;90.0
722554;67.5
723441;79.41
724194;79.41
724948;84.38
725657;79.41
726410;84.38
727119;84.38
727829;96.43
728449;67.5
729335;79.41
730089;79.41
730842;20.77
733723;96.43
734344;96.43
734964;135.0
735407;79.41
736161;28.72
738244;96.43
738864;84.38
739573;96.43
740194;67.5
741080;79.41
741834;79.41
742587;84.38
743296;84.38
744005;84.38
744714;84.38
745424;79.41
746177;40.91
747640;75.0
748437;112.5
748969;64.29
749900;90.0
750565;84.38
751274;84.38
751983;79.41
752736;79.41
753490;84.38
754199;79.41
754952;84.38
755662;84.38
756371;84.38
757080;84.38
757789;96.43
758409;79.41
759163;67.5
760049;96.43
760670;84.38
761379;103.85
761955;22.5
764614;7.85
772237;96.43
772858;84.38
773567;56.25
774630;46.55
775916;67.5
776802;103.85
777378;46.55
778664;37.5
780259;90.0
780924;84.38
781633;79.41
782386;79.41
783140;84.38
783849;40.91
785312;84.38
786021;122.73
786508;67.5
787395;84.38
788104;79.41
788857;84.38
789566;79.41
790320;84.38
791029;43.55
792403;20.77
795284;122.73
795771;135.0
796214;90.0
796879;28.72
798962;135.0
799405;122.73
799893;25.96
802198;6.82
810973;84.38
811682;79.41
812435;79.41
813189;122.73
813676;54.0
814784;42.19
816203;14.52
820324;84.38
821034;112.5
821565;71.05
822407;84.38
823117;112.5
823648;64.29
824579;84.38
825288;84.38
825997;42.19
827416;84.38
828125;84.38
828834;16.67
832424;84.38
833133;84.38
833842;135.0
834285;112.5
834817;135.0
835260;50.0
836457;35.53
838141;112.5
838673;67.5
839559;90.0
840224;90.0
840889;27.55
843061;40.91
844523;103.85
845099;142.11
845520;57.45
846562;43.55
847936;112.5
848468;84.38
849177;135.0
849620;58.7
850639;90.0
851304;45.0
852634;79.41
853387;67.5
854274;84.38
854983;40.91
856445;90.0
857110;84.38
857819;29.35
859858;43.55
861232;96.43
861852;48.21
863093;67.5
863980;75.0
864777;16.88
868323;90.0
868988;40.91
870450;20.45
873375;103.85
873952;51.92
875104;54.0
876212;112.5
876744;58.7
877763;84.38
878472;21.43
881264;90.0
881929;103.85
882505;75.0
883303;84.38
884012;84.38
884721;103.85
885298;71.05
886140;29.35
888178;84.38
888887;90.0
889552;84.38
890261;79.41
891015;84.38
891724;84.38
892433;90.0
893098;84.38
893807;90.0
894472;84.38
895181;84.38
895890;84.38
896599;79.41
897353;84.38
898062;84.38
898771;75.0
899569;103.85
900145;26.47
902405;122.73
902893;71.05
903735;21.43
906527;84.38
907236;84.38
907945;79.41
908698;79.41
909452;79.41
910205;103.85
910782;75.0
911579;84.38
912288;84.38
912998;96.43
913618;71.05
914460;79.41
915214;96.43
915834;71.05
916676;84.38
917385;84.38
918094;103.85
918670;84.38
919380;71.05
920222;79.41
920975;79.41
921729;84.38
922438;84.38
923147;103.85
923723;84.38
924432;71.05
925274;84.38
925983;79.41
926737;84.38
927446;79.41
928199;84.38
928908;84.38
929618;84.38
930327;90.0
930991;79.41
931745;79.41
932498;79.41
933252;84.38
933961;96.43
934581;84.38
935290;84.38
936000;75.0
936797;84.38
937506;79.41
938260;96.43
938880;71.05
939722;79.41
940476;84.38
941185;90.0
941850;84.38
942559;79.41
943312;84.38
944022;79.41
944775;79.41
945528;21.77
948276;103.85
948852;61.36
949827;112.5
950359;112.5
950891;30.68
952841;96.43
953462;84.38
954171;84.38
954880;79.41
955633;40.91
957096;20.45
960021;84.38
960730;39.71
962237;79.41
962990;112.5
963522;135.0
963966;96.43
964586;96.43
965206;96.43
965827;84.38
966536;84.38
967245;71.05
968087;79.41
968841;79.41
969594;79.41
970348;84.38
971057;42.19
972475;122.73
972962;135.0
973406;51.92
974558;71.05
975400;79.41
976154;122.73
976641;30.68
978591;9.64
984796;90.0
985461;71.05
986303;36.49
987943;79.41
988696;122.73
989184;84.38
989893;135.0
990336;96.43
990956;79.41
991710;84.38
992419;16.88
995965;27.55
998136;79.41
998890;67.5
999776;54.0
1000884;79.41
1001638;71.05
1002480;140.26
1002906;24.83
1005316;71.05
1006158;84.38
1006867;21.09
1009704;90.0
1010369;96.43
1010989;61.36
1011964;50.0
1013161;75.0
1013958;75.0
1014756;84.38
1015465;135.0
1015909;71.05
1016751;84.38
1017460;71.05
1018302;135.0
1018745;64.29
1019676;22.88
1022291;135.0
1022734;90.0
1023399;135.0
1023842;84.38
1024551;75.0
1025349;32.93
1027166;96.43
1027786;135.0
1028230;46.55
1029515;71.05
1030357;29.35
1032396;122.73
1032883;36.49
1034523;90.0
1035188;84.38
1035897;43.55
1037271;90.0
1037936;90.0
1038600;84.38
1039310;79.41
1040063;84.38
1040772;96.43
1041393;48.21
1042634;26.47
1044894;14.67
1048971;90.0
1049636;90.0
1050301;75.0
1051099;84.38
1051808;84.38
1052517;84.38
1053226;84.38
1053935;43.55
1055309;90.0
1055974;90.0
1056639;90.0
1057303;112.5
1057835;84.38
1058544;20.45
1061470;90.0
1062134;122.73
1062622;40.91
1064084;34.62
1065813;122.73
1066300;112.5
1066832;75.0
1067630;96.43
1068250;90.0
1068915;96.43
1069536;71.05
1070378;90.0
1071043;103.85
1071619;75.0
1072417;90.0
1073081;90.0
1073746;135.0
1074189;64.29
1075120;90.0
1075785;84.38
1076494;84.38
1077203;84.38
1077912;90.0
1078577;90.0
1079242;45.0
1080571;90.0
1081236;79.41
1081990;84.38
1082699;84.38
1083408;122.73
1083895;67.5
1084782;90.0
1085447;90.0
1086111;90.0
1086776;103.85
1087352;71.05
1088194;84.38
1088904;96.43
1089524;40.91
1090987;14.52
1095108;84.38
1095818;84.38
1096527;90.0
1097191;90.0
1097856;90.0
1098521;84.38
1099230;96.43
1099851;71.05
1100693;28.72
1102776;67.5
1103662;112.5
1104194;96.43
1104814;28.12
1106942;79.41
1107695;90.0
1108360;90.0
1109025;31.4
1110931;75.0
1111728;90.0
1112393;64.29
1113324;135.0
1113767;64.29
1114698;103.85
1115274;96.43
1115894;79.41
1116648;75.0
1117446;79.41
1118199;28.72
1120282;79.41
1121036;90.0
1121700;84.38
1122410;27.55
1124581;84.38
1125290;18.24
1128570;27.0
1130786;122.73
1131274;122.73
1131761;43.55
1133135;112.5
1133667;112.5
1134199;71.05
1135041;135.0
1135484;61.36
1136459;84.38
1137168;79.41
1137922;103.85
1138498;50.0
1139694;135.0
1140138;46.55
1141423;45.0
1142752;10.8
1148292;79.41
1149046;84.38
1149755;103.85
1150331;75.0
1151129;135.0
1151572;103.85
1152148;140.26
1152575;93.91
1153212;84.38
1153921;79.41
1154674;84.38
1155384;84.38
1156093;84.38
1156802;84.38
1157511;64.29
1158442;135.0
1158885;20.77
1161766;48.21
1163007;96.43
1163627;90.0
1164292;54.0
1165400;34.62
1167128;135.0
1167572;61.36
1168547;38.57
1170098;8.71
1176967;135.0
1177411;135.0
1177854;71.05
1178696;23.28
1181266;22.88
1183881;67.5
1184768;90.0
1185433;54.0
1186541;40.91
1188003;79.41
1188757;96.43
1189377;84.38
1190086;103.85
1190662;38.57
1192214;54.0
1193322;12.05
1198285;96.43
1198906;79.41
1199659;135.0
1200102;112.5
1200634;122.73
1201122;54.0
1202230;84.38
1202939;96.43
1203559;122.73
1204047;112.5
1204579;64.29
1205510;128.57
1205975;52.94
1207105;13.78
1211448;135.0
1211892;32.93
1213709;24.55
1216146;112.5
1216678;84.38
1217387;51.92
1218540;75.0
1219337;56.25
1220401;103.85
1220977;84.38
1221686;48.21
1222927;61.36
1223902;39.71
1225409;135.0
1225852;58.7
1226872;58.7
1227891;61.36
1228866;103.85
1229442;67.5
1230329;84.38
1231038;103.85
1231614;24.11
1234096;18.49
1237331;112.5
1237863;103.85
1238439;54.0
1239547;96.43
1240168;75.0
1240966;67.5
1241852;71.05
1242694;103.85
1243270;16.88
1246816;79.41
1247569;112.5
1248101;35.53
1249785;112.5
1250317;33.75
1252090;96.43
1252710;96.43
1253331;90.0
1253996;22.5
1256655;135.0
1257098;103.85
1257674;103.85
1258250;43.55
1259624;26.47
1261885;84.38
1262594;96.43
1263214;90.0
1263879;56.25
1264943;39.71
1266450;135.0
1266893;64.29
1267823;45.0
1269153;48.21
1270394;112.5
1270926;22.13
1273629;90.0
1274294;30.68
1276244;96.43
1276865;24.55
1279302;112.5
1279834;135.0
1280277;45.0
1281607;103.85
1282183;122.73
1282671;37.5
1284266;61.36
1285241;96.43
1285862;90.0
1286526;9.38
1292909;43.55
1294282;96.43
1294903;96.43
1295523;96.43
1296144;90.0
1296809;90.0
1297474;135.0
1297917;64.29
1298847;20.77
1301728;75.0
1302526;112.5
1303058;48.21
1304299;36.49
1305939;90.0
1306603;64.29
1307534;32.93
1309351;14.84
1313384;58.7
1314404;96.43
1315024;90.0
1315689;122.73
1316177;54.0
1317285;71.05
1318127;46.55
1319412;135.0
1319855;75.0
1320653;96.43
1321273;135.0
1321717;75.0
1322514;103.85
1323090;103.85
1323667;135.0
1324110;22.88
1326725;58.7
1327744;84.38
1328453;122.73
1328941;24.55
1331378;14.67
1335456;96.43
1336076;103.85
1336652;112.5
1337184;42.19
1338602;84.38
1339312;135.0
1339755;112.5
1340287;135.0
1340730;39.71
1342237;17.31
1345694;103.85
1346270;142.11
1346691;26.21
1348973;71.05
1349815;14.06
1354070;79.41
1354824;96.43
1355444;96.43
1356065;45.0
1357394;96.43
1358015;79.41
1358768;103.85
1359344;28.72
1361427;112.5
1361959;56.25
1363023;64.29
1363954;122.73
1364441;112.5
1364973;96.43
1365593;112.5
1366125;48.21
1367366;96.43
1367987;84.38
1368696;90.0
1369361;90.0
1370025;45.0
1371355;31.4
1373261;96.43
1373881;45.0
1375211;84.38
1375920;90.0
1376585;90.0
1377250;135.0
1377693;71.05
1378535;103.85
1379111;122.73
1379598;45.0
1380928;58.7
1381947;50.0
1383144;112.5
1383676;79.41
1384429;96.43
1385050;96.43
1385670;112.5
1386202;75.0
1387000;90.0
1387665;45.0
1388994;96.43
1389615;46.55
1390900;112.5
1391432;79.41
1392185;90.0
1392850;112.5
1393382;75.0
1394180;54.0
1395288;71.05
1396130;48.21
1397371;84.38
1398080;96.43
1398700;90.0
1399365;90.0
1400030;122.73
1400518;71.05
1401360;96.43
1401980;135.0
1402423;71.05
1403265;96.43
1403886;112.5
1404418;75.0
1405215;90.0
1405880;90.0
1406545;135.0
1406988;71.05
1407830;96.43
1408451;96.43
1409071;90.0
1409736;96.43
1410357;90.0
1411021;90.0
1411686;90.0
1412351;90.0
1413016;112.5
1413548;79.41
1414301;103.85
1414877;90.0
1415542;90.0
1416207;96.43
1416827;90.0
1417492;103.85
1418068;112.5
1418600;71.05
1419442;90.0
1420107;90.0
1420772;103.85
1421348;46.55
1422633;90.0
1423298;90.0
1423963;90.0
1424628;90.0
1425292;90.0
1425957;23.68
1428483;90.0
1429148;46.55
1430434;90.0
1431098;96.43
1431719;96.43
1432339;90.0
1433004;96.43
1433625;112.5
1434156;75.0
1434954;135.0
1435397;64.29
1436328;112.5
1436860;79.41
1437613;96.43
1438234;96.43
1438854;112.5
1439386;90.0
1440051;90.0
1440716;75.0
1441514;112.5
1442045;75.0
1442843;90.0
1443508;122.73
1443995;51.92
1445148;67.5
1446034;90.0
1446699;90.0
1447364;90.0
1448029;90.0
1448693;112.5
1449225;79.41
1449979;90.0
1450643;96.43
1451264;90.0
1451929;90.0
1452594;90.0
1453258;103.85
1453834;75.0
1454632;90.0
1455297;90.0
1455962;96.43
1456582;142.11
1457003;65.85
1457912;90.0
1458577;84.38
1459286;90.0
1459951;48.21
1461192;96.43
1461812;75.0
1462610;112.5
1463142;75.0
1463939;90.0
1464604;17.31
1468061;96.43
1468682;90.0
1469346;103.85
1469923;75.0
1470720;84.38
1471430;90.0
1472094;84.38
1472803;90.0
1473468;90.0
1474133;112.5
1474665;90.0
1475330;75.0
1476127;90.0
1476792;96.43
1477413;71.05
1478255;90.0
1478920;96.43
1479540;103.85
1480116;75.0
1480914;96.43
1481534;90.0
1482199;84.38
1482908;84.38
1483618;103.85
1484194;75.0
1484991;90.0
1485656;112.5
1486188;79.41
1486942;84.38
1487651;103.85
1488227;75.0
1489025;84.38
1489734;90.0
1490398;103.85
1490975;75.0
1491772;96.43
1492393;90.0
1493058;90.0
1493722;90.0
1494387;45.0
1495717;75.0
1496515;90.0
1497179;96.43
1497800;112.5
1498332;90.0
1498997;75.0
1499794;90.0
1500459;84.38
1501168;90.0
1501833;84.38
1502542;90.0
1503207;90.0
1503872;96.43
1504492;90.0
1505157;112.5
1505689;75.0
1506487;96.43
1507107;75.0
1507905;90.0
1508570;90.0
1509234;90.0
1509899;90.0
1510564;90.0
1511229;90.0
1511894;90.0
1512558;84.38
1513268;84.38
1513977;103.85
1514553;79.41
1515306;90.0
1515971;96.43
1516592;103.85
1517168;90.0
1517833;75.0
1518630;84.38
1519339;84.38
1520049;90.0
1520713;112.5
1521245;50.0
1522442;67.5
1523328;90.0
1523993;84.38
1524702;84.38
1525411;103.85
1525987;90.0
1526652;90.0
1527317;90.0
1527982;90.0
1528647;90.0
1529311;75.0
1530109;84.38
1530818;90.0
1531483;84.38
1532192;103.85
1532768;75.0
1533566;96.43
1534187;90.0
1534851;90.0
1535516;90.0
1536181;84.38
1536890;84.38
1537599;103.85
1538175;75.0
1538973;90.0
1539638;90.0
1540303;112.5
1540835;75.0
1541632;112.5
1542164;75.0
1542962;84.38
1543671;84.38
1544380;90.0
1545045;96.43
1545666;90.0
1546330;90.0
1546995;90.0
1547660;84.38
1548369;90.0
1549034;84.38
1549743;90.0
1550408;103.85
1550984;79.41
1551737;50.0
1552934;79.41
1553687;84.38
1554397;84.38
1555106;84.38
1555815;90.0
1556480;54.0
1557588;79.41
1558341;21.43
1561133;84.38
1561842;90.0
1562507;90.0
1563172;90.0
1563837;135.0
1564280;71.05
1565122;90.0
1565787;84.38
1566496;84.38
1567205;84.38
1567914;103.85
1568490;75.0
1569288;90.0
1569953;90.0
1570618;96.43
1571238;84.38
1571947;84.38
1572656;84.38
1573366;84.38
1574075;56.25
1575138;25.96
1577443;28.12
1579570;84.38
1580279;90.0
1580944;84.38
1581653;90.0
1582318;112.5
1582850;103.85
1583426;90.0
1584091;79.41
1584844;84.38
1585554;67.5
1586440;45.0
1587770;122.73
1588257;79.41
1589010;75.0
1589808;84.38
1590517;84.38
1591226;84.38
1591936;122.73
1592423;67.5
1593310;90.0
1593974;90.0
1594639;135.0
1595082;84.38
1595791;79.41
1596545;67.5
1597431;84.38
1598140;43.55
1599514;90.0
1600179;90.0
1600844;90.0
1601509;84.38
1602218;96.43
1602838;27.0
1605054;90.0
1605719;45.0
1607049;84.38
1607758;84.38
1608467;84.38
1609176;84.38
1609885;84.38
1610594;90.0
1611259;90.0
1611924;90.0
1612589;90.0
1613254;42.19
1614672;46.55
1615957;135.0
1616400;39.71
1617907;112.5
1618439;58.7
1619458;84.38
1620167;122.73
1620655;64.29
1621586;10.07
1627525;90.0
1628189;67.5
1629076;90.0
1629741;90.0
1630405;90.0
1631070;103.85
1631646;84.38
1632355;103.85
1632932;56.25
1633995;103.85
1634571;90.0
1635236;90.0
1635901;84.38
1636610;135.0
1637053;90.0
1637718;64.29
1638649;96.43
1639269;75.0
1640067;84.38
1640776;54.0
1641884;71.05
1642726;64.29
1643657;122.73
1644145;112.5
1644676;45.0
1646006;67.5
1646892;79.41
1647646;90.0
1648311;48.21
1649552;90.0
1650216;84.38
1650926;84.38
1651635;84.38
1652344;112.5
1652876;50.0
1654072;79.41
1654826;58.7
1655845;103.85
1656421;22.13
1659125;12.86
1663778;103.85
1664354;90.0
1665019;96.43
1665640;43.55
1667014;96.43
1667634;122.73
1668122;51.92
1669274;84.38
1669983;122.73
1670471;90.0
1671135;96.43
1671756;90.0
1672421;90.0
1673086;84.38
1673795;84.38
1674504;64.29
1675434;112.5
1675966;75.0
1676764;30.68
1678714;90.0
1679379;42.19
1680797;18.0
1684121;79.41
1684875;103.85
1685451;103.85
1686027;90.0
1686692;103.85
1687268;103.85
1687844;122.73
1688332;112.5
1688863;71.05
1689706;67.5
1690592;122.73
1691079;75.0
1691877;38.57
1693428;112.5
1693960;11.07
1699367;103.85
1699943;67.5
1700830;96.43
1701450;15.0
1705439;84.38
1706148;112.5
1706680;79.41
1707434;56.25
1708497;90.0
1709162;43.55
1710536;90.0
1711201;112.5
1711733;42.19
1713151;135.0
1713594;103.85
1714170;10.63
1719799;71.05
1720641;90.0
1721306;122.73
1721793;64.29
1722724;50.0
1723921;71.05
1724763;103.85
1725339;103.85
1725915;135.0
1726358;54.0
1727466;103.85
1728042;103.85
1728618;64.29
1729549;84.38
1730258;135.0
1730702;67.5
1731588;90.0
1732253;122.73
1732740;67.5
1733627;84.38
1734336;84.38
1735045;43.55
1736419;90.0
1737084;84.38
1737793;90.0
1738458;90.0
1739122;84.38
1739831;122.73
1740319;122.73
1740806;24.11
1743288;43.55
1744662;79.41
1745416;79.41
1746169;46.55
1747454;122.73
1747942;122.73
1748430;71.05
1749272;20.15
1752241;79.41
1752994;84.38
1753704;71.05
1754546;112.5
1755078;84.38
1755787;50.0
1756983;84.38
1757692;71.05
1758534;122.73
1759022;84.38
1759731;75.0
1760529;75.0
1761327;90.0
1761991;103.85
1762568;84.38
1763277;84.38
1763986;71.05
1764828;84.38
1765537;84.38
1766246;90.0
1766911;103.85
1767487;75.0
1768285;90.0
1768950;84.38
1769659;96.43
1770279;71.05
1771121;103.85
1771698;103.85
1772274;67.5
1773160;90.0
1773825;84.38
1774534;90.0
1775199;84.38
1775908;40.91
1777370;84.38
1778080;90.0
1778744;103.85
1779321;90.0
1779985;103.85
1780562;84.38
1781271;71.05
1782113;84.38
1782822;84.38
1783531;75.0
1784329;84.38
1785038;90.0
1785703;84.38
1786412;103.85
1786988;71.05
1787830;84.38
1788539;79.41
1789293;84.38
1790002;103.85
1790578;75.0
1791376;90.0
1792040;84.38
1792750;96.43
1793370;84.38
1794079;71.05
1794921;84.38
1795630;84.38
1796339;90.0
1797004;84.38
1797713;90.0
1798378;84.38
1799087;96.43
1799708;79.41
